Trail,Difficulty,Snow (cm),Checked,Status,Webcam
Miller Creek Loop,Easy,0,26.09.2026 07:10,Open,https://cams.example.org/miller-creek
Blue Lake Path,Easy,4,26.09.2026 06:45,Open,https://cams.example.org/blue-lake
Larch Valley,Easy,0,26.09.2026 06:20,Open,https://cams.example.org/larch-valley
Eagle Rock,Easy,2,26.09.2026 07:40,Open,https://cams.example.org/eagle-rock
Five Tarns Basin,Moderate,9,26.09.2026 08:05,Open,https://cams.example.org/five-tarns
Summit Cable Route,Moderate,12,26.09.2026 05:55,Caution,https://cams.example.org/summit
Red Ridge Traverse,Hard,30,25.09.2026 14:05,Caution,
North Col Crossing,Hard,38,25.09.2026 15:20,Closed,https://cams.example.org/north-col
Windgap Pass,Hard,45,25.09.2026 16:10,Closed,
Blackpine Summit,Hard,52,24.09.2026 11:30,Closed,https://cams.example.org/blackpine
